<?xml version="1.0" encoding="ISO-8859-1" ?>
<erddapDatasets>
<!-- GENERAL INFORMATION
The information in this file specifies which datasets your ERDDAP will serve.
The initial version of this file has a few examples which should work for you.
But after your initial experiments with ERDDAP, 
you should replace them with information for your datasets.

You can change this document (e.g., add datasets, change metadata) while ERDDAP is running. 
The changes will be detected the next time this document is read
(as often as setup.xml loadDatasetsMinMinutes).

Each dataset has a reloadEveryNMinutes value (default = 10080 (one week)).
When this document is reread, datasets that haven't been been reloaded in 
their reloadEveryNMinutes will be reloaded.
You only need to specify a reloadEveryNMinutes value if you anticipate that
the dataset will change periodically.

If this document has an xml error, processing will stop and an email
will be sent to emailEverythingTo as specified in setup.xml.

If you want to remove a dataset while ERDDAP is running, add 
    active="false"
to the dataset tag.  For example,
    <dataset type="EDDGridFromDap" datasetID="erdMHchla8day" active="false">

For more information, see 
http://coastwatch.pfel.noaa.gov/erddap/download/setupDatasetsXml.html
-->

<!-- If you want to refuse requests from certain clients
  (e.g., to fend off a Denial of Service attack or an overly zealous web robot), 
  add their numeric IP address (e.g., 123.45.67.89) to this comma-separated list. 
  You can also replace the last number in an IP address with * to block 0-255 (e.g., 123.45.67.*).
  See your ERDDAP daily report for a list/tally of the most active requesters. -->
<requestBlacklist></requestBlacklist>

<!-- If you want to prevent specific people from using the email/URL subscription
     system, uncomment the following tag and add their email addresses to the comma-separated list. 
<subscriptionEmailBlacklist>some.name@company.com, another.name@company.com</subscriptionEmailBlacklist>
-->

<!-- These convert the local sourceUrl (used in dataset tags) 
into the public sourceUrl (which appears in a dataset's globalAttributes).
This is only needed if some datasets use non-public sourceUrl's
(usually because their computer is in your DMZ or a local LAN). 
'from' and 'to' are the start of the URLs and are case sensitive.
'from' must be '[something]//[something]/' . 
For example,
<convertToPublicSourceUrl from="http://192.168.31.18/" to="http://oceanwatch.pfeg.noaa.gov/" />
will cause a matching local sourceUrl (such as http://192.168.31.18/thredds/dodsC/satellite/BA/ssta/5day)
into a public sourceUrl (http://oceanwatch.pfeg.noaa.gov/thredds/dodsC/satellite/BA/ssta/5day). 
-->
<!--
<convertToPublicSourceUrl from="http://192.168.31.18/" to="http://oceanwatch.pfeg.noaa.gov/" />
<convertToPublicSourceUrl from="http://192.168.31.27/" to="http://thredds1.pfeg.noaa.gov/"   />
-->

<dataset type="EDDGridFromEtopo" datasetID="etopo180" />

<dataset type="EDDGridFromEtopo" datasetID="etopo360" />

<dataset type="EDDGridFromDap" datasetID="erdMH1chla1dayTDS" active="true">
    <sourceUrl>http://oceanwatch.pfeg.noaa.gov/thredds/dodsC/satellite/MH1/chla/1day</sourceUrl>
    <reloadEveryNMinutes>240</reloadEveryNMinutes>
    <!-- sourceAttributes>
        <att name="_History">Direct read of HDF4 file through CDM library</att>
        <att name="Conventions">CF-1.6</att>
        <att name="infoUrl">http://oceancolor.gsfc.nasa.gov/</att>
        <att name="institution">NASA/GSFC OBPG</att>
        <att name="L2_Flag_Names">ATMFAIL,LAND,HILT,HISATZEN,STRAYLIGHT,CLDICE,COCCOLITH,LOWLW,CHLWARN,CHLFAIL, NAVWARN,MAXAERITER,ATMWARN,HISOLZEN,NAVFAIL,FILTER,HIGLINT</att>
        <att name="Map_Projection">Equidistant Cylindrical</att>
        <att name="Processing_Version">2013.1.1QL</att>
        <att name="Sensor_Name">HMODISA</att>
        <att name="Software_Name">smigen</att>
        <att name="Software_Version">4.42</att>
        <att name="title">MODISA Level-3 Standard Mapped Image, Chlorophyll a, Daily, 4km</att>
    </sourceAttributes -->
    <addAttributes>
        <att name="_History">null</att>
        <att name="history">Files downloaded daily from http://oceandata.sci.gsfc.nasa.gov/MODISA/L3SMI/ to NOAA SWFSC ERD (erd.data@noaa.gov)
ERD uses .ncml to modify slightly, e.g., add latitude and longitude variables.
Direct read of HDF4 file through CDM library</att>
        <att name="cdm_data_type">Grid</att>
        <att name="Conventions">CF-1.6, COARDS, Unidata Dataset Discovery v1.0</att>
        <att name="creator_name">NASA/GSFC OBPG</att>
        <att name="creator_url">http://oceancolor.gsfc.nasa.gov/</att>
        <att name="keywords">4km, aqua, chemistry, chlorophyll, color, concentration, concentration_of_chlorophyll_in_sea_water, daily, gsfc, image, level, level-3, mapped, mean, modis, modisa, nasa, obpg, ocean, ocean color, oceans,
Oceans &gt; Ocean Chemistry &gt; Chlorophyll,
sea, seawater, SMI, standard, Standard Mapped Image, water</att>
        <att name="keywords_vocabulary">GCMD Science Keywords</att>
        <att name="license">[standard]</att>
        <att name="Metadata_Conventions">CF-1.6, COARDS, Unidata Dataset Discovery v1.0</att>
        <att name="standard_name_vocabulary">CF-12</att>
        <att name="summary">This dataset has Level 3, Standard Mapped Image, chlorophyll-a concentration data from NASA's Aqua Spacecraft.  Measurements are gathered by the Moderate Resolution Imaging Spectroradiometer (MODIS) carried aboard the spacecraft.  This is Science Quality data.</att>
        <att name="title">Chlorophyll-a, Aqua MODIS, NPP, L3SMI, Global, Science Quality (1 Day Composite)</att>
    </addAttributes>
    <axisVariable>
        <sourceName>time</sourceName>
        <destinationName>time</destinationName>
        <!-- sourceAttributes>
            <att name="_CoordinateAxisType">Time</att>
            <att name="axis">T</att>
            <att name="long_name">Centered Time</att>
            <att name="standard_name">time</att>
            <att name="units">seconds since 1970-01-01T00:00:00Z</att>
        </sourceAttributes -->
        <addAttributes>
            <att name="ioos_category">Time</att>
        </addAttributes>
    </axisVariable>
    <axisVariable>
        <sourceName>latitude</sourceName>
        <destinationName>latitude</destinationName>
        <!-- sourceAttributes>
            <att name="_CoordinateAxisType">Lat</att>
            <att name="axis">Y</att>
            <att name="standard_name">latitude</att>
            <att name="units">degrees_north</att>
        </sourceAttributes -->
        <addAttributes>
            <att name="ioos_category">Location</att>
            <att name="long_name">Latitude</att>
        </addAttributes>
    </axisVariable>
    <axisVariable>
        <sourceName>longitude</sourceName>
        <destinationName>longitude</destinationName>
        <!-- sourceAttributes>
            <att name="_CoordinateAxisType">Lon</att>
            <att name="axis">X</att>
            <att name="standard_name">longitude</att>
            <att name="units">degrees_east</att>
        </sourceAttributes -->
        <addAttributes>
            <att name="ioos_category">Location</att>
            <att name="long_name">Longitude</att>
        </addAttributes>
    </axisVariable>
    <dataVariable>
        <sourceName>MHchla</sourceName>
        <destinationName>chlorophyll</destinationName>
        <!-- sourceAttributes>
            <att name="_FillValue" type="float">-32767.0</att>
            <att name="long_name">Mean Chlorophyll a Concentration</att>
            <att name="standard_name">concentration_of_chlorophyll_in_sea_water</att>
            <att name="units">mg m^-3</att>
        </sourceAttributes -->
        <addAttributes>
            <att name="colorBarMaximum" type="double">30.0</att>
            <att name="colorBarMinimum" type="double">0.03</att>
            <att name="colorBarScale">Log</att>
            <att name="ioos_category">Ocean Color</att>
            <att name="units">mg m-3</att>
        </addAttributes>
    </dataVariable>
</dataset>


<!-- For EDDGridSideBySide, the datasetID's for the parent and the children must be different. -->
<dataset type="EDDGridSideBySide" datasetID="erdTAssh1day">
<dataset type="EDDGridFromDap"    datasetID="erdTAsshl1day">
    <sourceUrl>http://oceanwatch.pfeg.noaa.gov/thredds/dodsC/satellite/TA/sshl/1day</sourceUrl>
    <reloadEveryNMinutes>10080</reloadEveryNMinutes>
    <addAttributes> 
        <att name="Conventions">COARDS, CF-1.6, Unidata Dataset Discovery v1.0</att>
        <att name="Metadata_Conventions">COARDS, CF-1.6, Unidata Dataset Discovery v1.0</att>
        <att name="infoUrl">http://coastwatch.pfeg.noaa.gov/infog/TA_sshl_las.html</att>
        <att name="institution">NOAA CoastWatch, West Coast Node</att>
        <att name="standard_name_vocabulary">CF-12</att>
        <att name="title">Sea Surface Height, Aviso, Global, Science Quality (1 Day Composite)</att>
        <att name="cwhdf_version" />
        <att name="cols" />  
        <att name="et_affine" />
        <att name="gctp_datum" />
        <att name="gctp_parm" />
        <att name="gctp_sys" />
        <att name="gctp_zone" />
        <att name="id" />
        <att name="pass_date" />
        <att name="polygon_latitude" />
        <att name="polygon_longitude" />
        <att name="rows" />
        <att name="start_time" />
        <att name="time_coverage_end" />  
        <att name="time_coverage_start" />
    </addAttributes>
    <axisVariable>
        <sourceName>time</sourceName>
    </axisVariable>
    <axisVariable>
        <sourceName>altitude</sourceName>
    </axisVariable>
    <axisVariable>
        <sourceName>lat</sourceName>
        <destinationName>latitude</destinationName>
    </axisVariable>
    <axisVariable>
        <sourceName>lon</sourceName>
        <destinationName>longitude</destinationName>
    </axisVariable>
    <dataVariable>
        <sourceName>TAsshl</sourceName>
        <destinationName>ssh</destinationName>
        <addAttributes> 
            <att name="ioos_category">Sea Level</att>
            <att name="long_name">Sea Surface Height</att>
            <att name="colorBarMinimum" type="double">-10</att>
            <att name="colorBarMaximum" type="double">10</att>
            <att name="actual_range" /> 
            <att name="numberOfObservations" /> 
            <att name="percentCoverage" />
        </addAttributes>
    </dataVariable>
</dataset>
<dataset type="EDDGridFromDap" datasetID="erdTAsshd1day">
    <sourceUrl>http://oceanwatch.pfeg.noaa.gov/thredds/dodsC/satellite/TA/sshd/1day</sourceUrl>
    <reloadEveryNMinutes>10080</reloadEveryNMinutes>
    <addAttributes> 
        <att name="Conventions">COARDS, CF-1.6, Unidata Dataset Discovery v1.0</att>
        <att name="Metadata_Conventions">COARDS, CF-1.6, Unidata Dataset Discovery v1.0</att>
        <att name="infoUrl">http://coastwatch.pfeg.noaa.gov/infog/TA_sshd_las.html</att>
        <att name="institution">NOAA CoastWatch, West Coast Node</att>
        <att name="standard_name_vocabulary">CF-12</att>
        <att name="title">Sea Surface Height Deviation, Aviso, Global, Science Quality (1 Day Composite)</att>
        <att name="cwhdf_version" />
        <att name="cols" />  
        <att name="et_affine" />
        <att name="gctp_datum" />
        <att name="gctp_parm" />
        <att name="gctp_sys" />
        <att name="gctp_zone" />
        <att name="id" />
        <att name="pass_date" />
        <att name="polygon_latitude" />
        <att name="polygon_longitude" />
        <att name="rows" />
        <att name="start_time" />
        <att name="time_coverage_end" />  
        <att name="time_coverage_start" />
    </addAttributes>
    <axisVariable>
        <sourceName>time</sourceName>
    </axisVariable>
    <axisVariable>
        <sourceName>altitude</sourceName>
    </axisVariable>
    <axisVariable>
        <sourceName>lat</sourceName>
        <destinationName>latitude</destinationName>
    </axisVariable>
    <axisVariable>
        <sourceName>lon</sourceName>
        <destinationName>longitude</destinationName>
    </axisVariable>
    <dataVariable>
        <sourceName>TAsshd</sourceName>
        <destinationName>sshd</destinationName>
        <addAttributes> 
            <att name="ioos_category">Sea Level</att>
            <att name="long_name">Sea Surface Height Deviation</att>
            <att name="colorBarMinimum" type="double">-0.5</att>
            <att name="colorBarMaximum" type="double">0.5</att>
            <att name="actual_range" /> 
            <att name="numberOfObservations" /> 
            <att name="percentCoverage" />
        </addAttributes>
    </dataVariable>
</dataset>
</dataset>


<dataset type="EDDTableFromDapSequence" datasetID="erdGlobecBottle">
    <sourceUrl>http://oceanwatch.pfeg.noaa.gov/opendap/GLOBEC/GLOBEC_bottle</sourceUrl>
    <outerSequenceName>bottle_data_2002</outerSequenceName>
    <innerSequenceName></innerSequenceName>
    <sourceCanConstrainStringRegex></sourceCanConstrainStringRegex>
    <addAttributes>
        <att name="title">GLOBEC NEP Rosette Bottle Data (2002)</att>
        <att name="cdm_data_type">TrajectoryProfile</att>
        <att name="featureType">TrajectoryProfile</att>
        <att name="cdm_altitude_proxy">bottle_posn</att>
        <att name="cdm_trajectory_variables">cruise_id, ship</att>
        <att name="cdm_profile_variables">cast, longitude, latitude, time</att>
        <att name="subsetVariables">cruise_id, ship, cast, longitude, latitude, time</att>
        <att name="Conventions">COARDS, CF-1.6, Unidata Dataset Discovery v1.0</att>
        <att name="Metadata_Conventions">COARDS, CF-1.6, Unidata Dataset Discovery v1.0</att>
        <att name="infoUrl">http://oceanwatch.pfeg.noaa.gov/thredds/PaCOOS/GLOBEC/catalog.html?dataset=GLOBEC_Bottle_data</att>
        <att name="institution">GLOBEC</att>
        <att name="keywords">
Biosphere &gt; Vegetation &gt; Photosynthetically Active Radiation,
Oceans &gt; Ocean Optics &gt; Attenuation/Transmission,
Oceans &gt; Ocean Chemistry &gt; Ammonia,
Oceans &gt; Ocean Chemistry &gt; Chlorophyll,
Oceans &gt; Ocean Chemistry &gt; Nitrate,
Oceans &gt; Ocean Chemistry &gt; Nitrite,
Oceans &gt; Ocean Chemistry &gt; Nitrogen,
Oceans &gt; Ocean Chemistry &gt; Oxygen,
Oceans &gt; Ocean Chemistry &gt; Phosphate,
Oceans &gt; Ocean Chemistry &gt; Pigments,
Oceans &gt; Ocean Temperature &gt; Water Temperature,
Oceans &gt; Salinity/Density &gt; Salinity
</att>
        <att name="keywords_vocabulary">GCMD Science Keywords</att>
        <att name="license">[standard]</att>
        <att name="standard_name_vocabulary">CF-12</att>
        <att name="summary">
GLOBEC (GLOBal Ocean ECosystems Dynamics) NEP (Northeast Pacific)
Rosette Bottle Data from New Horizon Cruise (NH0207: 1-19 August 2002).
Notes:
Physical data processed by Jane Fleischbein (OSU).
Chlorophyll readings done by Leah Feinberg (OSU).
Nutrient analysis done by Burke Hales (OSU).
Sal00 - salinity calculated from primary sensors (C0,T0).
Sal11 - salinity calculated from secondary sensors (C1,T1).
secondary sensor pair was used in final processing of CTD data for
most stations because the primary had more noise and spikes. The
primary pair were used for cast #9, 24, 48, 111 and 150 due to
multiple spikes or offsets in the secondary pair.
Nutrient samples were collected from most bottles; all nutrient data
developed from samples frozen during the cruise and analyzed ashore;
data developed by Burke Hales (OSU).
Operation Detection Limits for Nutrient Concentrations
Nutrient  Range         Mean    Variable         Units
PO4       0.003-0.004   0.004   Phosphate        micromoles per liter
N+N       0.04-0.08     0.06    Nitrate+Nitrite  micromoles per liter
Si        0.13-0.24     0.16    Silicate         micromoles per liter
NO2       0.003-0.004   0.003   Nitrite          micromoles per liter
Dates and Times are UTC.

For more information, see
http://cis.whoi.edu/science/bcodmo/dataset.cfm?id=10180&amp;flag=view

Inquiries about how to access this data should be directed to
Dr. Hal Batchelder (hbatchelder@coas.oregonstate.edu).
</att>
    </addAttributes>
    <dataVariable>
        <sourceName>cruise_id</sourceName>
        <addAttributes>
            <att name="ioos_category">Identifier</att>
            <att name="cf_role">trajectory_id</att>
        </addAttributes>
    </dataVariable>
    <dataVariable>
        <sourceName>ship</sourceName>
        <addAttributes>
            <att name="ioos_category">Identifier</att>
        </addAttributes>
    </dataVariable>
    <dataVariable>
        <sourceName>cast_no</sourceName>
        <destinationName>cast</destinationName>
        <addAttributes>
            <att name="actual_range" type="shortList">1 127</att>
            <att name="colorBarMinimum" type="double">0</att>
            <att name="colorBarMaximum" type="double">140</att>
            <att name="ioos_category">Identifier</att>
            <att name="long_name">Cast Number</att>
        </addAttributes>
    </dataVariable>
    <dataVariable>
        <sourceName>lon100</sourceName>
        <destinationName>longitude</destinationName>
        <addAttributes>
            <att name="actual_range" type="doubleList">-12620 -12410</att>
            <att name="colorBarMinimum" type="double">-135</att>
            <att name="colorBarMaximum" type="double">-115</att>
        </addAttributes>
    </dataVariable>
    <dataVariable>
        <sourceName>lat100</sourceName>
        <destinationName>latitude</destinationName>
        <addAttributes>
            <att name="actual_range" type="doubleList">4190 4465</att>
            <att name="colorBarMinimum" type="double">30</att>
            <att name="colorBarMaximum" type="double">55</att>
        </addAttributes>
    </dataVariable>
    <dataVariable>
        <sourceName>datetime_epoch</sourceName>
        <destinationName>time</destinationName>
        <addAttributes>
            <!--2002-05-30  2002-08-20 -->
            <att name="actual_range" type="doubleList">1022728860, 1029788280</att>
            <att name="long_name">Time</att>
            <att name="units">seconds since 1970-01-01T00:00:00Z</att>
            <att name="standard_name">time</att>
            <att name="cf_role">profile_id</att>
        </addAttributes>
    </dataVariable>
    <dataVariable>
        <sourceName>bottle_posn</sourceName>
        <addAttributes>
            <att name="actual_range" type="shortList">0 12</att>
            <att name="colorBarMinimum" type="double">0</att>
            <att name="colorBarMaximum" type="double">12</att>
            <att name="ioos_category">Location</att>
            <att name="missing_value" type="short">-128</att>
        </addAttributes>
    </dataVariable>
    <dataVariable>
        <sourceName>chl_a_total</sourceName>
        <addAttributes>
            <att name="actual_range" type="floatList">-2.602, 40.17</att>
            <att name="colorBarMinimum" type="double">.03</att>
            <att name="colorBarMaximum" type="double">30</att>
            <att name="colorBarScale">Log</att>
            <att name="ioos_category">Ocean Color</att>
            <att name="missing_value" type="float">-9999.0</att>
            <att name="standard_name">concentration_of_chlorophyll_in_sea_water</att>
            <att name="units">ug L-1</att>
        </addAttributes>
    </dataVariable>
    <dataVariable>
        <sourceName>chl_a_10um</sourceName>
        <addAttributes>
            <att name="actual_range" type="floatList">0.239 1.875</att>
            <att name="colorBarMinimum" type="double">.03</att>
            <att name="colorBarMaximum" type="double">30</att>
            <att name="colorBarScale">Log</att>
            <att name="ioos_category">Ocean Color</att>
            <att name="missing_value" type="float">-9999.0</att>
            <att name="standard_name">concentration_of_chlorophyll_in_sea_water</att>
            <att name="units">ug L-1</att>
        </addAttributes>
    </dataVariable>
    <dataVariable>
        <sourceName>phaeo_total</sourceName>
        <addAttributes>
            <att name="actual_range" type="floatList">-1.705 16.047</att>
            <att name="colorBarMinimum" type="double">.03</att>
            <att name="colorBarMaximum" type="double">30</att>
            <att name="colorBarScale">Log</att>
            <att name="ioos_category">Ocean Color</att>
            <att name="long_name">Total Phaeopigments</att>
            <att name="missing_value" type="float">-9999.0</att>
            <att name="units">ug L-1</att>
        </addAttributes>
    </dataVariable>
    <dataVariable>
        <sourceName>phaeo_10um</sourceName>
        <addAttributes>
            <att name="actual_range" type="floatList">0.224 0.933</att>
            <att name="colorBarMinimum" type="double">.03</att>
            <att name="colorBarMaximum" type="double">30</att>
            <att name="colorBarScale">Log</att>
            <att name="ioos_category">Ocean Color</att>
            <att name="long_name">Phaeopigments 10um</att>
            <att name="missing_value" type="float">-9999.0</att>
            <att name="units">ug L-1</att>
        </addAttributes>
    </dataVariable>
    <dataVariable>
        <sourceName>sal00</sourceName>
        <addAttributes>
            <att name="actual_range" type="floatList">31.0308 34.2026</att>
            <att name="colorBarMinimum" type="double">32.0</att>
            <att name="colorBarMaximum" type="double">37.0</att>
            <att name="ioos_category">Salinity</att>
            <att name="long_name">Salinity from T0 and C0 Sensors</att>
            <att name="missing_value" type="float">-9999.0</att>
            <att name="standard_name">sea_water_salinity</att>
            <att name="units">PSU</att>
        </addAttributes>
    </dataVariable>
    <dataVariable>
        <sourceName>sal11</sourceName>
        <addAttributes>
            <att name="actual_range" type="floatList">31.0242 34.214</att>
            <att name="colorBarMinimum" type="double">32.0</att>
            <att name="colorBarMaximum" type="double">37.0</att>
            <att name="ioos_category">Salinity</att>
            <att name="long_name">Salinity from T1 and C1 Sensors</att>
            <att name="missing_value" type="float">-9999.0</att>
            <att name="standard_name">sea_water_salinity</att>
            <att name="units">PSU</att>
        </addAttributes>
    </dataVariable>
    <dataVariable>
        <sourceName>t0</sourceName>
        <destinationName>temperature0</destinationName>
        <addAttributes>
            <att name="actual_range" type="floatList">4.981 16.871</att>
            <att name="colorBarMinimum" type="double">0.0</att>
            <att name="colorBarMaximum" type="double">32.0</att>
            <att name="ioos_category">Temperature</att>
            <att name="long_name">Sea Water Temperature from T0 Sensor</att>
            <att name="missing_value" type="float">-9999.0</att>
            <att name="standard_name">sea_water_temperature</att>
            <att name="units">degree_C</att>
        </addAttributes>
    </dataVariable>
    <dataVariable>
        <sourceName>t1</sourceName>
        <destinationName>temperature1</destinationName>
        <addAttributes>
            <att name="actual_range" type="floatList">4.982 16.863</att>
            <att name="colorBarMinimum" type="double">0.0</att>
            <att name="colorBarMaximum" type="double">32.0</att>
            <att name="ioos_category">Temperature</att>
            <att name="long_name">Sea Water Temperature from T1 Sensor</att>
            <att name="missing_value" type="float">-9999.0</att>
            <att name="standard_name">sea_water_temperature</att>
            <att name="units">degree_C</att>
        </addAttributes>
    </dataVariable>
    <dataVariable>
        <sourceName>fluor_v</sourceName>
        <addAttributes>
            <att name="actual_range" type="floatList">0.046 5.0</att>
            <att name="colorBarMinimum" type="double">0</att>
            <att name="colorBarMaximum" type="double">5</att>
            <att name="ioos_category">Ocean Color</att>
            <att name="long_name">Fluorescence Voltage</att>
            <att name="missing_value" type="float">-9999.0</att>
            <!-- att name="standard_name"></att> //lots of radiance options; I don't know which -->
            <att name="units">volts</att>
        </addAttributes>
    </dataVariable>
    <dataVariable>
        <sourceName>xmiss_v</sourceName>
        <addAttributes>
            <att name="actual_range" type="floatList">0.493 4.638</att>
            <att name="colorBarMinimum" type="double">0</att>
            <att name="colorBarMaximum" type="double">5</att>
            <att name="ioos_category">Optical Properties</att>
            <att name="long_name">Transmissivity Voltage</att>
            <att name="missing_value" type="float">-9999.0</att>
            <!-- att name="standard_name"></att> //lots of radiance options; I don't know which -->
            <att name="units">volts</att>
        </addAttributes>
    </dataVariable>
    <dataVariable>
        <sourceName>PO4</sourceName>
        <addAttributes>
            <att name="actual_range" type="floatList">0 3.237</att>
            <att name="colorBarMinimum" type="double">0</att>
            <att name="colorBarMaximum" type="double">4</att>
            <att name="ioos_category">Dissolved Nutrients</att>
            <att name="missing_value" type="float">-9999.0</att>
            <att name="standard_name">mole_concentration_of_phosphate_in_sea_water</att>
            <att name="units">micromoles L-1</att>
        </addAttributes>
    </dataVariable>
    <dataVariable>
        <sourceName>N_N</sourceName>
        <addAttributes>
            <att name="actual_range" type="floatList">0 42.41</att>
            <att name="colorBarMinimum" type="double">0</att>
            <att name="colorBarMaximum" type="double">50</att>
            <att name="ioos_category">Dissolved Nutrients</att>
            <att name="long_name">Nitrate plus Nitrite</att>
            <att name="_FillValue" type="float">-99.0</att>
            <att name="missing_value" type="float">-9999.0</att>
            <att name="standard_name">moles_of_nitrate_and_nitrite_per_unit_mass_in_sea_water</att>
            <att name="units">micromoles L-1</att>
        </addAttributes>
    </dataVariable>
    <dataVariable>
        <sourceName>NO3</sourceName>
        <addAttributes>
            <att name="actual_range" type="floatList">0 99.79</att>
            <att name="colorBarMinimum" type="double">0</att>
            <att name="colorBarMaximum" type="double">50</att>
            <att name="ioos_category">Dissolved Nutrients</att>
            <att name="_FillValue" type="float">-99.0</att>
            <att name="missing_value" type="float">-9999.0</att>
            <att name="standard_name">mole_concentration_of_nitrate_in_sea_water</att>
            <att name="units">micromoles L-1</att>
        </addAttributes>
    </dataVariable>
    <dataVariable>
        <sourceName>Si</sourceName>
        <addAttributes>
            <att name="actual_range" type="floatList">0.07 88.19</att>
            <att name="colorBarMinimum" type="double">0</att>
            <att name="colorBarMaximum" type="double">50</att>
            <att name="ioos_category">Dissolved Nutrients</att>
            <att name="missing_value" type="float">-9999.0</att>
            <att name="standard_name">mole_concentration_of_silicate_in_sea_water</att>
            <att name="units">micromoles L-1</att>
        </addAttributes>
    </dataVariable>
    <dataVariable>
        <sourceName>NO2</sourceName>
        <addAttributes>
            <att name="actual_range" type="floatList">-0.0090 0.757</att>
            <att name="colorBarMinimum" type="double">0</att>
            <att name="colorBarMaximum" type="double">1</att>
            <att name="ioos_category">Dissolved Nutrients</att>
            <att name="missing_value" type="float">-9999.0</att>
            <att name="standard_name">mole_concentration_of_nitrite_in_sea_water</att>
            <att name="units">micromoles L-1</att>
        </addAttributes>
    </dataVariable>
    <dataVariable>
        <sourceName>NH4</sourceName>
        <addAttributes>
            <att name="actual_range" type="floatList">-0.014 4.914</att>
            <att name="colorBarMinimum" type="double">0</att>
            <att name="colorBarMaximum" type="double">5</att>
            <att name="ioos_category">Dissolved Nutrients</att>
            <att name="missing_value" type="float">-9999.0</att>
            <att name="standard_name">mole_concentration_of_ammonium_in_sea_water</att>
            <att name="units">micromoles L-1</att>
        </addAttributes>
    </dataVariable>
    <dataVariable>
        <sourceName>oxygen</sourceName>
        <addAttributes>
            <att name="actual_range" type="floatList">NaN NaN</att>
            <att name="colorBarMinimum" type="double">0</att>
            <att name="colorBarMaximum" type="double">10</att>
            <att name="ioos_category">Dissolved O2</att>
            <att name="long_name">Oxygen</att>
            <att name="missing_value" type="float">-9999.0</att>
            <att name="standard_name">volume_fraction_of_oxygen_in_sea_water</att>
            <att name="units">mL L-1</att>
        </addAttributes>
    </dataVariable>
    <dataVariable>
        <sourceName>par</sourceName>
        <addAttributes>
            <att name="actual_range" type="floatList">0.1515 3.261</att>
            <att name="colorBarMinimum" type="double">0</att>
            <att name="colorBarMaximum" type="double">3</att>
            <att name="ioos_category">Ocean Color</att>
            <att name="long_name">Photosynthetically Active Radiation</att>
            <att name="missing_value" type="float">-9999.0</att>
            <!-- att name="standard_name">lots of options, I don't know which</att -->
            <att name="units">volts</att>
        </addAttributes>
    </dataVariable>
</dataset>



<dataset type="EDDTableFromOBIS" datasetID="aadcArgos">
    <sourceUrl>http://aadc-maps.aad.gov.au/digir/digir.php</sourceUrl>
    <sourceCode>argos_tracking</sourceCode>
    <addAttributes>
        <att name="citation">See the following Metadata records http://data.aad.gov.au/aadc/metadata/metadata_redirect.cfm?md=AMD/AU/DB_Argos_PTT_Tracking http://data.aad.gov.au/aadc/metadata/metadata_redirect.cfm?md=AMD/AU/HI_animaltracks_ARGOS http://data.aad.gov.au/aadc/metadata/metadata_redirect.cfm?md=AMD/AU/Tracking_BI http://data.aad.gov.au/aadc/metadata/metadata_redirect.cfm?md=AMD/AU/Tracking_Mag http://data.aad.gov.au/aadc/metadata/metadata_redirect.cfm?md=AMD/AU/STA_Bibliography http://data.aad.gov.au/aadc/metadata/metadata_redirect.cfm?md=AMD/AU/Tracking_SI http://data.aad.gov.au/aadc/metadata/metadata_redirect.cfm?md=AMD/AU/Tracking_EDP http://data.aad.gov.au/aadc/metadata/metadata_redirect.cfm?md=AMD/AU/Tracking_DD Contact Data Centre for help on citation details.</att>
        <att name="creator_email">kim.finney@aad.gov.au</att>
        <att name="infoUrl">http://data.aad.gov.au/</att>
        <att name="institution">AADC</att>
        <att name="keywords">ARGOS, satellite tracking, penguins, whales, seals, albatrosses,
Biosphere &gt; Aquatic Ecosystems &gt; Benthic Habitat,
Biosphere &gt; Aquatic Ecosystems &gt; Coastal Habitat,
Biosphere &gt; Aquatic Ecosystems &gt; Demersal Habitat,
Biosphere &gt; Aquatic Ecosystems &gt; Marine Habitat,
Biosphere &gt; Aquatic Ecosystems &gt; Pelagic Habitat,
Biological Classification &gt; Animals/Vertebrates &gt; Birds,
Biological Classification &gt; Animals/Vertebrates &gt; Mammals &gt; Cetacean
</att>
        <att name="keywords_vocabulary">GCMD Science Keywords</att>
        <att name="license">[standard]</att>
        <att name="summary">
Various species have been tracked using ARGOS PTT trackers since the early 1990's. These include Emperor, King and Adelie pengiuns, Light-mantled Sooty, Grey-headed and Black-browed albatrosses, Antarctic and Australian fur seals, Southern Elephant Seal and Blue and Humpback whales. Note that not all data for any species or locations is or will be exposed to OBIS. Geographic coverage is from Heard Island to the west and Macquarie Island to the east and several islands near the southern end of Chile. The data has been filtered to remove most but not all erroneous positions.

[OBIS_SUMMARY]

Available Genera (and number of records): (error)
</att>
        <att name="title">OBIS - ARGOS Satellite Tracking of Animals</att>
    </addAttributes>
</dataset>


<dataset type="EDDTableFromSOS" datasetID="ndbcSosWTemp" active="true">
    <sourceUrl>http://sdf.ndbc.noaa.gov/sos/server.php</sourceUrl>
    <reloadEveryNMinutes>1440</reloadEveryNMinutes>
    <sosVersion>1.0.0</sosVersion>
    <sosServerType>IOOS_NDBC</sosServerType>
    <observationOfferingIdRegex>.+</observationOfferingIdRegex>
    <requestObservedPropertiesSeparately>true</requestObservedPropertiesSeparately>
    <bboxOffering>urn:ioos:network:noaa.nws.ndbc:all</bboxOffering>
    <bboxParameter>featureofinterest=BBOX:</bboxParameter>
    <addAttributes>
        <att name="cdm_data_type">TimeSeries</att>
        <att name="featureType">TimeSeries</att>
        <att name="cdm_timeseries_variables">station_id, longitude, latitude, sensor_id</att>
        <att name="Conventions">COARDS, CF-1.6, Unidata Dataset Discovery v1.0</att>
        <att name="Metadata_Conventions">COARDS, CF-1.6, Unidata Dataset Discovery v1.0</att>
        <att name="infoUrl">http://sdf.ndbc.noaa.gov/sos/</att>
        <att name="institution">NOAA NDBC</att>
        <att name="keywords">Oceans &gt; Ocean Temperature &gt; Water Temperature</att>
        <att name="keywords_vocabulary">GCMD Science Keywords</att>
        <att name="license">[standard]</att>
        <att name="standard_name_vocabulary">CF-12</att>
        <att name="subsetVariables">station_id, longitude, latitude, sensor_id</att>
        <att name="summary">The NOAA NDBC SOS server is part of the IOOS DIF SOS Project.  The stations in this dataset have sea_water_temperature data.

Because of the nature of SOS requests, requests for data MUST include constraints for the longitude, latitude, time, and/or station_id variables.</att>
        <att name="title">NOAA NDBC SOS - sea_water_temperature</att>
    </addAttributes>
    <longitudeSourceName>longitude (degree)</longitudeSourceName>
    <latitudeSourceName>latitude (degree)</latitudeSourceName>
    <altitudeSourceName>depth (m)</altitudeSourceName>
    <altitudeMetersPerSourceUnit>-1</altitudeMetersPerSourceUnit>
    <timeSourceName>date_time</timeSourceName>
    <timeSourceFormat>yyyy-MM-dd'T'HH:mm:ssZ</timeSourceFormat>
    <dataVariable>
        <sourceName>sensor_id</sourceName>
        <dataType>String</dataType>
        <!-- sourceAttributes>
        </sourceAttributes -->
        <addAttributes>
            <att name="comment">Always check the quality_flags before using this data.</att>
            <att name="ioos_category">Identifier</att>
            <att name="long_name">Sensor ID</att>
            <att name="observedProperty">http://mmisw.org/ont/cf/parameter/sea_water_temperature</att>
        </addAttributes>
    </dataVariable>
    <dataVariable>
        <sourceName>sea_water_temperature (C)</sourceName>
        <destinationName>sea_water_temperature</destinationName>
        <dataType>float</dataType>
        <addAttributes>
            <att name="colorBarMinimum" type="double">0</att>
            <att name="colorBarMaximum" type="double">32</att>
            <att name="ioos_category">Temperature</att>
            <att name="long_name">Sea Water Temperature</att>
            <att name="observedProperty">http://mmisw.org/ont/cf/parameter/sea_water_temperature</att>
            <att name="standard_name">sea_water_temperature</att>
            <att name="units">degree_C</att>
        </addAttributes>
    </dataVariable>
</dataset>


<!-- Here are some excellent gridded datasets that you can include in your ERDDAP
     via EDDGridFromErddap links. All requests for actual data from these
     datasets get rerouted to the source server. -->

<!-- JPL High Resolution SST -->
<dataset type="EDDGridFromErddap" datasetID="jplG1SST" active="true">
    <!-- GHRSST Global 1-km Sea Surface Temperature (G1SST), Global, 0.01 Degree, Daily -->
    <sourceUrl>http://coastwatch.pfeg.noaa.gov/erddap/griddap/jplG1SST</sourceUrl>
</dataset>
<dataset type="EDDGridFromErddap" datasetID="jplMURSST" active="true">
    <!-- Multi-scale Ultra-high Resolution (MUR) SST analysis, Global, 0.011 Degree, Daily -->
    <sourceUrl>http://coastwatch.pfeg.noaa.gov/erddap/griddap/jplMURSST</sourceUrl>
</dataset>

<!-- NAVGEM -->
<dataset type="EDDGridFromErddap" datasetID="erdNavgem05D10mWind" active="true">
    <!-- Navy Global Environmental Model (NAVGEM), 0.5 degree, 10 m Wind -->
    <sourceUrl>http://coastwatch.pfeg.noaa.gov/erddap/griddap/erdNavgem05D10mWind</sourceUrl>
</dataset>
<dataset type="EDDGridFromErddap" datasetID="erdNavgem05D20mWind" active="true">
    <!-- Navy Global Environmental Model (NAVGEM), 0.5 degree, 20 m Wind -->
    <sourceUrl>http://coastwatch.pfeg.noaa.gov/erddap/griddap/erdNavgem05D20mWind</sourceUrl>
</dataset>
<dataset type="EDDGridFromErddap" datasetID="erdNavgem05D500mb" active="true">
    <!-- Navy Global Environmental Model (NAVGEM), 0.5 degree, 500 hPa Height -->
    <sourceUrl>http://coastwatch.pfeg.noaa.gov/erddap/griddap/erdNavgem05D500mb</sourceUrl>
</dataset>
<dataset type="EDDGridFromErddap" datasetID="erdNavgem05DPres" active="true">
    <!-- Navy Global Environmental Model (NAVGEM), 0.5 degree, Pressure MSL -->
    <sourceUrl>http://coastwatch.pfeg.noaa.gov/erddap/griddap/erdNavgem05DPres</sourceUrl>
</dataset>

<!-- NCDC Ocean Winds -->
<dataset type="EDDGridFromErddap" datasetID="ncdcOw6hr" active="true">
    <!-- NOAA/NCDC Blended 6-Hourly 0.25-degree Sea Surface Winds -->
    <sourceUrl>http://coastwatch.pfeg.noaa.gov/erddap/griddap/ncdcOw6hr</sourceUrl>
</dataset>
<dataset type="EDDGridFromErddap" datasetID="ncdcOwClm9505" active="true">
    <!-- NOAA/NCDC Blended 0.25-degree Sea Winds, Climatological Monthly Means -->
    <sourceUrl>http://coastwatch.pfeg.noaa.gov/erddap/griddap/ncdcOwClm9505</sourceUrl>
</dataset>
<dataset type="EDDGridFromErddap" datasetID="ncdcOwDly" active="true">
    <!-- NOAA/NCDC Blended Daily 0.25-degree Sea Surface Winds -->
    <sourceUrl>http://coastwatch.pfeg.noaa.gov/erddap/griddap/ncdcOwDly</sourceUrl>
</dataset>
<dataset type="EDDGridFromErddap" datasetID="ncdcOwDlyStrs" active="true">
    <!-- NOAA/NCDC Blended Daily 0.25-degree Sea Surface Wind Stress -->
    <sourceUrl>http://coastwatch.pfeg.noaa.gov/erddap/griddap/ncdcOwDlyStrs</sourceUrl>
</dataset>
<dataset type="EDDGridFromErddap" datasetID="ncdcOwMon" active="true">
    <!-- NOAA/NCDC Blended Monthly 0.25-degree Sea Surface Winds -->
    <sourceUrl>http://coastwatch.pfeg.noaa.gov/erddap/griddap/ncdcOwMon</sourceUrl>
</dataset>
<dataset type="EDDGridFromErddap" datasetID="ncdcOwMonStrs" active="true">
    <!-- NOAA/NCDC Blended Monthly 0.25-degree Sea Surface Wind Stress -->
    <sourceUrl>http://coastwatch.pfeg.noaa.gov/erddap/griddap/ncdcOwMonStrs</sourceUrl>
</dataset>

<!-- Miami Currents -->
<dataset type="EDDGridFromErddap" datasetID="miamicurrents">
  <defaultGraphQuery>&amp;.draw=vectors</defaultGraphQuery>
  <sourceUrl>http://cwcgom.aoml.noaa.gov/erddap/griddap/miamicurrents</sourceUrl>
</dataset>

<!-- Aqua MODIS -->
<dataset type="EDDGridFromErddap" datasetID="erdMH1cdom1day" active="true">
    <!-- Chromophoric Dissolved Organic Material, Aqua MODIS, NPP, L3SMI, Global, Science Quality (1 Day Composite) -->
    <sourceUrl>http://coastwatch.pfeg.noaa.gov/erddap/griddap/erdMH1cdom1day</sourceUrl>
</dataset>
<dataset type="EDDGridFromErddap" datasetID="erdMH1cdom8day" active="true">
    <!-- Chromophoric Dissolved Organic Material, Aqua MODIS, NPP, L3SMI, Global, Science Quality (8 Day Composite) -->
    <sourceUrl>http://coastwatch.pfeg.noaa.gov/erddap/griddap/erdMH1cdom8day</sourceUrl>
</dataset>
<dataset type="EDDGridFromErddap" datasetID="erdMH1cdommday" active="true">
    <!-- Chromophoric Dissolved Organic Material, Aqua MODIS, NPP, L3SMI, Global, Science Quality (Monthly Composite) -->
    <sourceUrl>http://coastwatch.pfeg.noaa.gov/erddap/griddap/erdMH1cdommday</sourceUrl>
</dataset>
<dataset type="EDDGridFromErddap" datasetID="erdMH1cflh1day" active="true">
    <!-- Fluorescense Line Height, Aqua MODIS, NPP, L3SMI, Global, Science Quality (1 Day Composite) -->
    <sourceUrl>http://coastwatch.pfeg.noaa.gov/erddap/griddap/erdMH1cflh1day</sourceUrl>
</dataset>
<dataset type="EDDGridFromErddap" datasetID="erdMH1cflh8day" active="true">
    <!-- Fluorescense Line Height, Aqua MODIS, NPP, L3SMI, Global, Science Quality (8 Day Composite) -->
    <sourceUrl>http://coastwatch.pfeg.noaa.gov/erddap/griddap/erdMH1cflh8day</sourceUrl>
</dataset>
<dataset type="EDDGridFromErddap" datasetID="erdMH1cflhmday" active="true">
    <!-- Fluorescense Line Height, Aqua MODIS, NPP, L3SMI, Global, Science Quality (Monthly Composite) -->
    <sourceUrl>http://coastwatch.pfeg.noaa.gov/erddap/griddap/erdMH1cflhmday</sourceUrl>
</dataset>
<dataset type="EDDGridFromErddap" datasetID="erdMH1chla1day" active="true">
    <!-- Chlorophyll-a, Aqua MODIS, NPP, L3SMI, Global, Science Quality (1 Day Composite) -->
    <sourceUrl>http://coastwatch.pfeg.noaa.gov/erddap/griddap/erdMH1chla1day</sourceUrl>
</dataset>
<dataset type="EDDGridFromErddap" datasetID="erdMH1chla8day" active="true">
    <!-- Chlorophyll-a, Aqua MODIS, NPP, L3SMI, Global, Science Quality (8 Day Composite) -->
    <sourceUrl>http://coastwatch.pfeg.noaa.gov/erddap/griddap/erdMH1chla8day</sourceUrl>
</dataset>
<dataset type="EDDGridFromErddap" datasetID="erdMH1chlamday" active="true">
    <!-- Chlorophyll-a, Aqua MODIS, NPP, L3SMI, Global, Science Quality (Monthly Composite) -->
    <sourceUrl>http://coastwatch.pfeg.noaa.gov/erddap/griddap/erdMH1chlamday</sourceUrl>
</dataset>
<dataset type="EDDGridFromErddap" datasetID="erdMH1kd4901day" active="true">
    <!-- Diffuse Attenuation K490, Aqua MODIS, NPP, L3SMI, Global, Science Quality (1 Day Composite) -->
    <sourceUrl>http://coastwatch.pfeg.noaa.gov/erddap/griddap/erdMH1kd4901day</sourceUrl>
</dataset>
<dataset type="EDDGridFromErddap" datasetID="erdMH1kd4908day" active="true">
    <!-- Diffuse Attenuation K490, Aqua MODIS, NPP, L3SMI, Global, Science Quality (8 Day Composite) -->
    <sourceUrl>http://coastwatch.pfeg.noaa.gov/erddap/griddap/erdMH1kd4908day</sourceUrl>
</dataset>
<dataset type="EDDGridFromErddap" datasetID="erdMH1kd490mday" active="true">
    <!-- Diffuse Attenuation K490, Aqua MODIS, NPP, L3SMI, Global, Science Quality (Monthly Composite) -->
    <sourceUrl>http://coastwatch.pfeg.noaa.gov/erddap/griddap/erdMH1kd490mday</sourceUrl>
</dataset>
<dataset type="EDDGridFromErddap" datasetID="erdMH1par01day" active="true">
    <!-- Photosynthetically Available Radiation, Aqua MODIS, NPP, L3SMI, Global, Science Quality (1 Day Composite) -->
    <sourceUrl>http://coastwatch.pfeg.noaa.gov/erddap/griddap/erdMH1par01day</sourceUrl>
</dataset>
<dataset type="EDDGridFromErddap" datasetID="erdMH1par08day" active="true">
    <!-- Photosynthetically Available Radiation, Aqua MODIS, NPP, L3SMI, Global, Science Quality (8 Day Composite) -->
    <sourceUrl>http://coastwatch.pfeg.noaa.gov/erddap/griddap/erdMH1par08day</sourceUrl>
</dataset>
<dataset type="EDDGridFromErddap" datasetID="erdMH1par0mday" active="true">
    <!-- Photosynthetically Available Radiation, Aqua MODIS, NPP, L3SMI, Global, Science Quality (Monthly Composite) -->
    <sourceUrl>http://coastwatch.pfeg.noaa.gov/erddap/griddap/erdMH1par0mday</sourceUrl>
</dataset>

<!-- VIIRS -->
<dataset type="EDDGridFromErddap" datasetID="erdVH2chla1day" active="true">
    <!-- VIIRSN, Suomi-NPP, Level-3 SMI, Global, 4km, Chlorophyll a, Evaluation Data, Daily -->
    <sourceUrl>http://coastwatch.pfeg.noaa.gov/erddap/griddap/erdVH2chla1day</sourceUrl>
</dataset>
<dataset type="EDDGridFromErddap" datasetID="erdVH2chla8day" active="true">
    <!-- VIIRSN, Suomi-NPP, Level-3 SMI, Global, 4km, Chlorophyll a, Evaluation Data, 8-Day -->
    <sourceUrl>http://coastwatch.pfeg.noaa.gov/erddap/griddap/erdVH2chla8day</sourceUrl>
</dataset>
<dataset type="EDDGridFromErddap" datasetID="erdVH2chlamday" active="true">
    <!-- VIIRSN, Suomi-NPP, Level-3 SMI, Global, 4km, Chlorophyll a, Evaluation Data, Monthly -->
    <sourceUrl>http://coastwatch.pfeg.noaa.gov/erddap/griddap/erdVH2chlamday</sourceUrl>
</dataset>
<dataset type="EDDGridFromErddap" datasetID="erdVH2k4901day" active="true">
    <!-- VIIRSN, Suomi-NPP, Level-3 SMI, Global, 4km, K490, Evaluation Data, Daily -->
    <sourceUrl>http://coastwatch.pfeg.noaa.gov/erddap/griddap/erdVH2k4901day</sourceUrl>
</dataset>
<dataset type="EDDGridFromErddap" datasetID="erdVH2k4908day" active="true">
    <!-- VIIRSN, Suomi-NPP, Level-3 SMI, Global, 4km, K490, Evaluation Data, 8-Day -->
    <sourceUrl>http://coastwatch.pfeg.noaa.gov/erddap/griddap/erdVH2k4908day</sourceUrl>
</dataset>
<dataset type="EDDGridFromErddap" datasetID="erdVH2k490mday" active="true">
    <!-- VIIRSN, Suomi-NPP, Level-3 SMI, Global, 4km, K490, Evaluation Data, Monthly -->
    <sourceUrl>http://coastwatch.pfeg.noaa.gov/erddap/griddap/erdVH2k490mday</sourceUrl>
</dataset>
<dataset type="EDDGridFromErddap" datasetID="erdVH2par1day" active="true">
    <!-- VIIRSN, Suomi-NPP, Level-3 SMI, Global, 4km, PAR, Evaluation Data, Daily -->
    <sourceUrl>http://coastwatch.pfeg.noaa.gov/erddap/griddap/erdVH2par1day</sourceUrl>
</dataset>
<dataset type="EDDGridFromErddap" datasetID="erdVH2par8day" active="true">
    <!-- VIIRSN, Suomi-NPP, Level-3 SMI, Global, 4km, PAR, Evaluation Data, 8-Day -->
    <sourceUrl>http://coastwatch.pfeg.noaa.gov/erddap/griddap/erdVH2par8day</sourceUrl>
</dataset>
<dataset type="EDDGridFromErddap" datasetID="erdVH2parmday" active="true">
    <!-- VIIRSN, Suomi-NPP, Level-3 SMI, Global, 4km, PAR, Evaluation Data, Monthly -->
    <sourceUrl>http://coastwatch.pfeg.noaa.gov/erddap/griddap/erdVH2parmday</sourceUrl>
</dataset>
<dataset type="EDDGridFromErddap" datasetID="erdVH2pic1day" active="true">
    <!-- VIIRSN, Suomi-NPP, Level-3 SMI, Global, 4km, PIC, Evaluation Data, Daily -->
    <sourceUrl>http://coastwatch.pfeg.noaa.gov/erddap/griddap/erdVH2pic1day</sourceUrl>
</dataset>
<dataset type="EDDGridFromErddap" datasetID="erdVH2pic8day" active="true">
    <!-- VIIRSN, Suomi-NPP, Level-3 SMI, Global, 4km, PIC, Evaluation Data, 8-Day -->
    <sourceUrl>http://coastwatch.pfeg.noaa.gov/erddap/griddap/erdVH2pic8day</sourceUrl>
</dataset>
<dataset type="EDDGridFromErddap" datasetID="erdVH2picmday" active="true">
    <!-- VIIRSN, Suomi-NPP, Level-3 SMI, Global, 4km, PIC, Evaluation Data, Monthly -->
    <sourceUrl>http://coastwatch.pfeg.noaa.gov/erddap/griddap/erdVH2picmday</sourceUrl>
</dataset>
<dataset type="EDDGridFromErddap" datasetID="erdVH2poc1day" active="true">
    <!-- VIIRSN, Suomi-NPP, Level-3 SMI, Global, 4km, POC, Evaluation Data, Daily -->
    <sourceUrl>http://coastwatch.pfeg.noaa.gov/erddap/griddap/erdVH2poc1day</sourceUrl>
</dataset>
<dataset type="EDDGridFromErddap" datasetID="erdVH2poc8day" active="true">
    <!-- VIIRSN, Suomi-NPP, Level-3 SMI, Global, 4km, POC, Evaluation Data, 8-Day -->
    <sourceUrl>http://coastwatch.pfeg.noaa.gov/erddap/griddap/erdVH2poc8day</sourceUrl>
</dataset>
<dataset type="EDDGridFromErddap" datasetID="erdVH2pocmday" active="true">
    <!-- VIIRSN, Suomi-NPP, Level-3 SMI, Global, 4km, POC, Evaluation Data, Monthly -->
    <sourceUrl>http://coastwatch.pfeg.noaa.gov/erddap/griddap/erdVH2pocmday</sourceUrl>
</dataset>
<dataset type="EDDGridFromErddap" datasetID="erdVH2r6711day" active="true">
    <!-- VIIRSN, Suomi-NPP, Level-3 SMI, Global, 4km, Reflectance at 671 nm, Evaluation Data, Daily -->
    <sourceUrl>http://coastwatch.pfeg.noaa.gov/erddap/griddap/erdVH2r6711day</sourceUrl>
</dataset>
<dataset type="EDDGridFromErddap" datasetID="erdVH2r6718day" active="true">
    <!-- VIIRSN, Suomi-NPP, Level-3 SMI, Global, 4km, Reflectance at 671 nm, Evaluation Data, 8-Day -->
    <sourceUrl>http://coastwatch.pfeg.noaa.gov/erddap/griddap/erdVH2r6718day</sourceUrl>
</dataset>
<dataset type="EDDGridFromErddap" datasetID="erdVH2r671mday" active="true">
    <!-- VIIRSN, Suomi-NPP, Level-3 SMI, Global, 4km, Reflectance at 671 nm, Evaluation Data, Monthly -->
    <sourceUrl>http://coastwatch.pfeg.noaa.gov/erddap/griddap/erdVH2r671mday</sourceUrl>
</dataset>

<!-- Aquarius -->
<dataset type="EDDGridFromErddap" datasetID="jplAquariusSSS3MonthV3" active="true">
    <!-- Aquarius Sea Surface Salinity, Version 3, Global, 3-Month -->
    <sourceUrl>http://coastwatch.pfeg.noaa.gov/erddap/griddap/jplAquariusSSS3MonthV3</sourceUrl>
</dataset>
<dataset type="EDDGridFromErddap" datasetID="jplAquariusSSS7DayV3" active="true">
    <!-- Aquarius Sea Surface Salinity, Version 3, Global, 7-Day -->
    <sourceUrl>http://coastwatch.pfeg.noaa.gov/erddap/griddap/jplAquariusSSS7DayV3</sourceUrl>
</dataset>
<dataset type="EDDGridFromErddap" datasetID="jplAquariusSSSDailyV3" active="true">
    <!-- Aquarius Sea Surface Salinity, Version 3, Global, Daily -->
    <sourceUrl>http://coastwatch.pfeg.noaa.gov/erddap/griddap/jplAquariusSSSDailyV3</sourceUrl>
</dataset>
<dataset type="EDDGridFromErddap" datasetID="jplAquariusSSSMonthlyV3" active="true">
    <!-- Aquarius Sea Surface Salinity, Version 3, Global, Monthly -->
    <sourceUrl>http://coastwatch.pfeg.noaa.gov/erddap/griddap/jplAquariusSSSMonthlyV3</sourceUrl>
</dataset>



<!-- Here are some excellent tabular datasets that you can include in your ERDDAP
     via EDDTableFromErddap links. All requests for actual data from these
     datasets get rerouted to the source server. -->
<dataset type="EDDTableFromErddap" datasetID="cwwcNDBCMet" active="true">
    <!-- NDBC Standard Meteorological Buoy Data -->
    <sourceUrl>http://coastwatch.pfeg.noaa.gov/erddap/tabledap/cwwcNDBCMet</sourceUrl>
</dataset>
<dataset type="EDDTableFromErddap" datasetID="erdGtsppBest" active="true">
    <!-- Global Temperature and Salinity Profile Programme (GTSPP) Data -->
    <sourceUrl>http://coastwatch.pfeg.noaa.gov/erddap/tabledap/erdGtsppBest</sourceUrl>
</dataset>
<dataset type="EDDTableFromErddap" datasetID="pmelTaoDyAdcp" active="true">
    <!-- TAO/TRITON, RAMA, and PIRATA Buoys, Daily, ADCP -->
    <sourceUrl>http://coastwatch.pfeg.noaa.gov/erddap/tabledap/pmelTaoDyAdcp</sourceUrl>
</dataset>
<dataset type="EDDTableFromErddap" datasetID="pmelTaoDyAirt" active="true">
    <!-- TAO/TRITON, RAMA, and PIRATA Buoys, Daily, Air Temperature -->
    <sourceUrl>http://coastwatch.pfeg.noaa.gov/erddap/tabledap/pmelTaoDyAirt</sourceUrl>
</dataset>
<dataset type="EDDTableFromErddap" datasetID="pmelTaoDyBf" active="true">
    <!-- TAO/TRITON, RAMA, and PIRATA Buoys, Daily, Buoyancy Flux -->
    <sourceUrl>http://coastwatch.pfeg.noaa.gov/erddap/tabledap/pmelTaoDyBf</sourceUrl>
</dataset>
<dataset type="EDDTableFromErddap" datasetID="pmelTaoDyBp" active="true">
    <!-- TAO/TRITON, RAMA, and PIRATA Buoys, Daily, Barometric (Air) Pressure -->
    <sourceUrl>http://coastwatch.pfeg.noaa.gov/erddap/tabledap/pmelTaoDyBp</sourceUrl>
</dataset>
<dataset type="EDDTableFromErddap" datasetID="pmelTaoDyCur" active="true">
    <!-- TAO/TRITON, RAMA, and PIRATA Buoys, Daily, Currents -->
    <sourceUrl>http://coastwatch.pfeg.noaa.gov/erddap/tabledap/pmelTaoDyCur</sourceUrl>
</dataset>
<dataset type="EDDTableFromErddap" datasetID="pmelTaoDyD" active="true">
    <!-- TAO/TRITON, RAMA, and PIRATA Buoys, Daily, Potential Density Anomaly -->
    <sourceUrl>http://coastwatch.pfeg.noaa.gov/erddap/tabledap/pmelTaoDyD</sourceUrl>
</dataset>
<dataset type="EDDTableFromErddap" datasetID="pmelTaoDyDyn" active="true">
    <!-- TAO/TRITON, RAMA, and PIRATA Buoys, Daily, Dynamic Height -->
    <sourceUrl>http://coastwatch.pfeg.noaa.gov/erddap/tabledap/pmelTaoDyDyn</sourceUrl>
</dataset>
<dataset type="EDDTableFromErddap" datasetID="pmelTaoDyEmp" active="true">
    <!-- TAO/TRITON, RAMA, and PIRATA Buoys, Daily, Evaporation Minus Precipitation -->
    <sourceUrl>http://coastwatch.pfeg.noaa.gov/erddap/tabledap/pmelTaoDyEmp</sourceUrl>
</dataset>
<dataset type="EDDTableFromErddap" datasetID="pmelTaoDyEvap" active="true">
    <!-- TAO/TRITON, RAMA, and PIRATA Buoys, Daily, Evaporation -->
    <sourceUrl>http://coastwatch.pfeg.noaa.gov/erddap/tabledap/pmelTaoDyEvap</sourceUrl>
</dataset>
<dataset type="EDDTableFromErddap" datasetID="pmelTaoDyHeat" active="true">
    <!-- TAO/TRITON, RAMA, and PIRATA Buoys, Daily, Heat Content -->
    <sourceUrl>http://coastwatch.pfeg.noaa.gov/erddap/tabledap/pmelTaoDyHeat</sourceUrl>
</dataset>
<dataset type="EDDTableFromErddap" datasetID="pmelTaoDyIso" active="true">
    <!-- TAO/TRITON, RAMA, and PIRATA Buoys, Daily, 20C Isotherm Depth -->
    <sourceUrl>http://coastwatch.pfeg.noaa.gov/erddap/tabledap/pmelTaoDyIso</sourceUrl>
</dataset>
<dataset type="EDDTableFromErddap" datasetID="pmelTaoDyLw" active="true">
    <!-- TAO/TRITON, RAMA, and PIRATA Buoys, Daily, Longwave Radiation -->
    <sourceUrl>http://coastwatch.pfeg.noaa.gov/erddap/tabledap/pmelTaoDyLw</sourceUrl>
</dataset>
<dataset type="EDDTableFromErddap" datasetID="pmelTaoDyLwnet" active="true">
    <!-- TAO/TRITON, RAMA, and PIRATA Buoys, Daily, Net Longwave Radiation -->
    <sourceUrl>http://coastwatch.pfeg.noaa.gov/erddap/tabledap/pmelTaoDyLwnet</sourceUrl>
</dataset>
<dataset type="EDDTableFromErddap" datasetID="pmelTaoDyPos" active="true">
    <!-- TAO/TRITON, RAMA, and PIRATA Buoys, Daily, Position -->
    <sourceUrl>http://coastwatch.pfeg.noaa.gov/erddap/tabledap/pmelTaoDyPos</sourceUrl>
</dataset>
<dataset type="EDDTableFromErddap" datasetID="pmelTaoDyQlat" active="true">
    <!-- TAO/TRITON, RAMA, and PIRATA Buoys, Daily, Latent Heat Flux -->
    <sourceUrl>http://coastwatch.pfeg.noaa.gov/erddap/tabledap/pmelTaoDyQlat</sourceUrl>
</dataset>
<dataset type="EDDTableFromErddap" datasetID="pmelTaoDyQnet" active="true">
    <!-- TAO/TRITON, RAMA, and PIRATA Buoys, Daily, Total Heat Flux -->
    <sourceUrl>http://coastwatch.pfeg.noaa.gov/erddap/tabledap/pmelTaoDyQnet</sourceUrl>
</dataset>
<dataset type="EDDTableFromErddap" datasetID="pmelTaoDyQsen" active="true">
    <!-- TAO/TRITON, RAMA, and PIRATA Buoys, Daily, Sensible Heat Flux -->
    <sourceUrl>http://coastwatch.pfeg.noaa.gov/erddap/tabledap/pmelTaoDyQsen</sourceUrl>
</dataset>
<dataset type="EDDTableFromErddap" datasetID="pmelTaoDyRad" active="true">
    <!-- TAO/TRITON, RAMA, and PIRATA Buoys, Daily, Downgoing Shortwave Radiation -->
    <sourceUrl>http://coastwatch.pfeg.noaa.gov/erddap/tabledap/pmelTaoDyRad</sourceUrl>
</dataset>
<dataset type="EDDTableFromErddap" datasetID="pmelTaoDyRain" active="true">
    <!-- TAO/TRITON, RAMA, and PIRATA Buoys, Daily, Precipitation -->
    <sourceUrl>http://coastwatch.pfeg.noaa.gov/erddap/tabledap/pmelTaoDyRain</sourceUrl>
</dataset>
<dataset type="EDDTableFromErddap" datasetID="pmelTaoDyRf" active="true">
    <!-- TAO/TRITON, RAMA, and PIRATA Buoys, Daily, Heat Flux Due To Rain -->
    <sourceUrl>http://coastwatch.pfeg.noaa.gov/erddap/tabledap/pmelTaoDyRf</sourceUrl>
</dataset>
<dataset type="EDDTableFromErddap" datasetID="pmelTaoDyRh" active="true">
    <!-- TAO/TRITON, RAMA, and PIRATA Buoys, Daily, Relative Humidity -->
    <sourceUrl>http://coastwatch.pfeg.noaa.gov/erddap/tabledap/pmelTaoDyRh</sourceUrl>
</dataset>
<dataset type="EDDTableFromErddap" datasetID="pmelTaoDyS" active="true">
    <!-- TAO/TRITON, RAMA, and PIRATA Buoys, Daily, Salinity -->
    <sourceUrl>http://coastwatch.pfeg.noaa.gov/erddap/tabledap/pmelTaoDyS</sourceUrl>
</dataset>
<dataset type="EDDTableFromErddap" datasetID="pmelTaoDySsd" active="true">
    <!-- TAO/TRITON, RAMA, and PIRATA Buoys, Daily, Sigma-Theta -->
    <sourceUrl>http://coastwatch.pfeg.noaa.gov/erddap/tabledap/pmelTaoDySsd</sourceUrl>
</dataset>
<dataset type="EDDTableFromErddap" datasetID="pmelTaoDySss" active="true">
    <!-- TAO/TRITON, RAMA, and PIRATA Buoys, Daily, Sea Surface Salinity -->
    <sourceUrl>http://coastwatch.pfeg.noaa.gov/erddap/tabledap/pmelTaoDySss</sourceUrl>
</dataset>
<dataset type="EDDTableFromErddap" datasetID="pmelTaoDySst" active="true">
    <!-- TAO/TRITON, RAMA, and PIRATA Buoys, Daily, Sea Surface Temperature -->
    <sourceUrl>http://coastwatch.pfeg.noaa.gov/erddap/tabledap/pmelTaoDySst</sourceUrl>
</dataset>
<dataset type="EDDTableFromErddap" datasetID="pmelTaoDySwnet" active="true">
    <!-- TAO/TRITON, RAMA, and PIRATA Buoys, Daily, Net Shortwave Radiation -->
    <sourceUrl>http://coastwatch.pfeg.noaa.gov/erddap/tabledap/pmelTaoDySwnet</sourceUrl>
</dataset>
<dataset type="EDDTableFromErddap" datasetID="pmelTaoDyT" active="true">
    <!-- TAO/TRITON, RAMA, and PIRATA Buoys, Daily, Temperature -->
    <sourceUrl>http://coastwatch.pfeg.noaa.gov/erddap/tabledap/pmelTaoDyT</sourceUrl>
</dataset>
<dataset type="EDDTableFromErddap" datasetID="pmelTaoDyTau" active="true">
    <!-- TAO/TRITON, RAMA, and PIRATA Buoys, Daily, Wind Stress -->
    <sourceUrl>http://coastwatch.pfeg.noaa.gov/erddap/tabledap/pmelTaoDyTau</sourceUrl>
</dataset>
<dataset type="EDDTableFromErddap" datasetID="pmelTaoDyW" active="true">
    <!-- TAO/TRITON, RAMA, and PIRATA Buoys, Daily, Wind -->
    <sourceUrl>http://coastwatch.pfeg.noaa.gov/erddap/tabledap/pmelTaoDyW</sourceUrl>
</dataset>


<!-- This is an example of EDDTableFromNcFiles, but commented out since you won't have these files.
<dataset type="EDDTableFromNcFiles" datasetID="cwwcNDBCMetF">
    <reloadEveryNMinutes>10</reloadEveryNMinutes>
    <accessibleViaFiles>true</accessibleViaFiles>
    <fileDir>/u00/data/points/ndbcMet/</fileDir>
    <recursive>false</recursive>
    <fileNameRegex>NDBC_.*\x2Enc</fileNameRegex>
    <metadataFrom>last</metadataFrom>
    <preExtractRegex>^NDBC_</preExtractRegex>
    <postExtractRegex>_met\x2Enc$</postExtractRegex>
    <extractRegex>.*</extractRegex>
    <columnNameForExtract>station</columnNameForExtract>
    <sortedColumnSourceName>TIME</sortedColumnSourceName>
    <addAttributes>
        <att name="cdm_data_type">TimeSeries</att>
        <att name="featureType">TimeSeries</att>
        <att name="cdm_timeseries_variables">station, longitude, latitude</att>
        <att name="subsetVariables">station, longitude, latitude</att>
        <att name="Conventions">COARDS, CF-1.6, Unidata Dataset Discovery v1.0</att>
        <att name="Metadata_Conventions">COARDS, CF-1.6, Unidata Dataset Discovery v1.0</att>
        <att name="date_created">null</att>
        <att name="date_issued">null</att>
        <att name="id">null</att>
        <att name="infoUrl">http://www.ndbc.noaa.gov/</att>
        <att name="institution">NOAA NDBC, CoastWatch WCN</att>
        <att name="keywords">
Atmosphere &gt; Air Quality &gt; Visibility,
Atmosphere &gt; Atmospheric Pressure &gt; Surface Pressure,
Atmosphere &gt; Atmospheric Temperature &gt; Surface Air Temperature,
Atmosphere &gt; Atmospheric Winds &gt; Surface Winds,
Oceans &gt; Ocean Temperature &gt; Sea Surface Temperature,
Oceans &gt; Ocean Waves &gt; Wave Height,
Oceans &gt; Ocean Waves &gt; Wave Period,
Oceans &gt; Ocean Waves &gt; Wave Speed/Direction
</att>
        <att name="keywords_vocabulary">GCMD Science Keywords</att>
        <att name="license">[standard]</att>
        <att name="sourceUrl">http://www.ndbc.noaa.gov/</att>
        <att name="summary">The National Data Buoy Center (NDBC) distributes meteorological data from
moored buoys maintained by NDBC and others. Moored buoys are the weather
sentinels of the sea. They are deployed in the coastal and offshore waters
from the western Atlantic to the Pacific Ocean around Hawaii, and from the
Bering Sea to the South Pacific. NDBC's moored buoys measure and transmit
barometric pressure; wind direction, speed, and gust; air and sea
temperature; and wave energy spectra from which significant wave height,
dominant wave period, and average wave period are derived. Even the
direction of wave propagation is measured on many moored buoys.

The data is from NOAA NDBC. It has been reformatted by NOAA Coastwatch,
West Coast Node. This dataset only has the data that is closest to a
given hour. The time values in the dataset are rounded to the nearest hour.

This dataset has both historical data (quality controlled, before
2011-04-01T00:00:00) and near real time data (less quality controlled, from
2011-04-01T00:00:00 on).</att>
        <att name="title">NDBC Standard Meteorological Buoy Data</att>
    </addAttributes>
    <dataVariable>
        <sourceName>station</sourceName>
        <destinationName>station</destinationName>
        <dataType>String</dataType>
        <addAttributes>
            <att name="ioos_category">Identifier</att>
            <att name="long_name">Station Name</att>
            <att name="cf_role">timeseries_id</att>
        </addAttributes>
    </dataVariable>
    <dataVariable>
        <sourceName>LON</sourceName>
        <destinationName>longitude</destinationName>
        <dataType>float</dataType>
        <addAttributes>
        </addAttributes>
    </dataVariable>
    <dataVariable>
        <sourceName>LAT</sourceName>
        <destinationName>latitude</destinationName>
        <dataType>float</dataType>
        <addAttributes>
        </addAttributes>
    </dataVariable>
    <dataVariable>
        <sourceName>TIME</sourceName>
        <destinationName>time</destinationName>
        <dataType>double</dataType>
        <addAttributes>
            <att name="point_spacing">null</att>
        </addAttributes>
    </dataVariable>
    <dataVariable>
        <sourceName>WD</sourceName>
        <destinationName>wd</destinationName>
        <dataType>short</dataType>
        <addAttributes>
            <att name="colorBarMinimum" type="double">0</att>
            <att name="colorBarMaximum" type="double">360</att>
            <att name="_FillValue" type="short">32767</att>
            <att name="ioos_category">Wind</att>
        </addAttributes>
    </dataVariable>
    <dataVariable>
        <sourceName>WSPD</sourceName>
        <destinationName>wspd</destinationName>
        <dataType>float</dataType>
        <addAttributes>
            <att name="colorBarMinimum" type="double">0</att>
            <att name="colorBarMaximum" type="double">15</att>
            <att name="_FillValue" type="float">-9999999</att>
            <att name="ioos_category">Wind</att>
        </addAttributes>
    </dataVariable>
    <dataVariable>
        <sourceName>GST</sourceName>
        <destinationName>gst</destinationName>
        <dataType>float</dataType>
        <addAttributes>
            <att name="colorBarMinimum" type="double">0</att>
            <att name="colorBarMaximum" type="double">30</att>
            <att name="_FillValue" type="float">-9999999</att>
            <att name="ioos_category">Wind</att>
        </addAttributes>
    </dataVariable>
    <dataVariable>
        <sourceName>WVHT</sourceName>
        <destinationName>wvht</destinationName>
        <dataType>float</dataType>
        <addAttributes>
            <att name="colorBarMinimum" type="double">0</att>
            <att name="colorBarMaximum" type="double">10</att>
            <att name="_FillValue" type="float">-9999999</att>
            <att name="ioos_category">Surface Waves</att>
        </addAttributes>
    </dataVariable>
    <dataVariable>
        <sourceName>DPD</sourceName>
        <destinationName>dpd</destinationName>
        <dataType>float</dataType>
        <addAttributes>
            <att name="colorBarMinimum" type="double">0</att>
            <att name="colorBarMaximum" type="double">20</att>
            <att name="_FillValue" type="float">-9999999</att>
            <att name="ioos_category">Surface Waves</att>
        </addAttributes>
    </dataVariable>
    <dataVariable>
        <sourceName>APD</sourceName>
        <destinationName>apd</destinationName>
        <dataType>float</dataType>
        <addAttributes>
            <att name="colorBarMinimum" type="double">0</att>
            <att name="colorBarMaximum" type="double">20</att>
            <att name="_FillValue" type="float">-9999999</att>
            <att name="ioos_category">Surface Waves</att>
        </addAttributes>
    </dataVariable>
    <dataVariable>
        <sourceName>MWD</sourceName>
        <destinationName>mwd</destinationName>
        <dataType>short</dataType>
        <addAttributes>
            <att name="colorBarMinimum" type="double">0</att>
            <att name="colorBarMaximum" type="double">360</att>
            <att name="_FillValue" type="short">32767</att>
            <att name="ioos_category">Surface Waves</att>
        </addAttributes>
    </dataVariable>
    <dataVariable>
        <sourceName>BAR</sourceName>
        <destinationName>bar</destinationName>
        <dataType>float</dataType>
        <addAttributes>
            <att name="colorBarMinimum" type="double">970</att>
            <att name="colorBarMaximum" type="double">1030</att>
            <att name="comment">Air pressure (hPa). ('PRES' on some NDBC tables.) For C-MAN sites and Great Lakes buoys, the recorded pressure is reduced to sea level using the method described in NWS Technical Procedures Bulletin 291 (11/14/80).</att>
            <att name="_FillValue" type="float">-9999999</att>
            <att name="ioos_category">Pressure</att>
        </addAttributes>
    </dataVariable>
    <dataVariable>
        <sourceName>ATMP</sourceName>
        <destinationName>atmp</destinationName>
        <dataType>float</dataType>
        <addAttributes>
            <att name="colorBarMinimum" type="double">0</att>
            <att name="colorBarMaximum" type="double">40</att>
            <att name="_FillValue" type="float">-9999999</att>
            <att name="ioos_category">Temperature</att>
        </addAttributes>
    </dataVariable>
    <dataVariable>
        <sourceName>WTMP</sourceName>
        <destinationName>wtmp</destinationName>
        <dataType>float</dataType>
        <addAttributes>
            <att name="colorBarMinimum" type="double">0</att>
            <att name="colorBarMaximum" type="double">32</att>
            <att name="_FillValue" type="float">-9999999</att>
            <att name="ioos_category">Temperature</att>
        </addAttributes>
    </dataVariable>
    <dataVariable>
        <sourceName>DEWP</sourceName>
        <destinationName>dewp</destinationName>
        <dataType>float</dataType>
        <addAttributes>
            <att name="colorBarMinimum" type="double">0</att>
            <att name="colorBarMaximum" type="double">40</att>
            <att name="_FillValue" type="float">-9999999</att>
            <att name="ioos_category">Meteorology</att>
        </addAttributes>
    </dataVariable>
    <dataVariable>
        <sourceName>VIS</sourceName>
        <destinationName>vis</destinationName>
        <dataType>float</dataType>
        <addAttributes>
            <att name="colorBarMinimum" type="double">0</att>
            <att name="colorBarMaximum" type="double">100</att>
            <att name="_FillValue" type="float">-9999999</att>
            <att name="ioos_category">Meteorology</att>
        </addAttributes>
    </dataVariable>
    <dataVariable>
        <sourceName>PTDY</sourceName>
        <destinationName>ptdy</destinationName>
        <dataType>float</dataType>
        <addAttributes>
            <att name="colorBarMinimum" type="double">-3</att>
            <att name="colorBarMaximum" type="double">3</att>
            <att name="_FillValue" type="float">-9999999</att>
            <att name="ioos_category">Pressure</att>
        </addAttributes>
    </dataVariable>
    <dataVariable>
        <sourceName>TIDE</sourceName>
        <destinationName>tide</destinationName>
        <dataType>float</dataType>
        <addAttributes>
            <att name="colorBarMinimum" type="double">-5</att>
            <att name="colorBarMaximum" type="double">5</att>
            <att name="_FillValue" type="float">-9999999</att>
            <att name="ioos_category">Sea Level</att>
        </addAttributes>
    </dataVariable>
    <dataVariable>
        <sourceName>WSPU</sourceName>
        <destinationName>wspu</destinationName>
        <dataType>float</dataType>
        <addAttributes>
            <att name="colorBarMinimum" type="double">-15</att>
            <att name="colorBarMaximum" type="double">15</att>
            <att name="_FillValue" type="float">-9999999</att>
            <att name="ioos_category">Wind</att>
        </addAttributes>
    </dataVariable>
    <dataVariable>
        <sourceName>WSPV</sourceName>
        <destinationName>wspv</destinationName>
        <dataType>float</dataType>
        <addAttributes>
            <att name="colorBarMinimum" type="double">-15</att>
            <att name="colorBarMaximum" type="double">15</att>
            <att name="_FillValue" type="float">-9999999</att>
            <att name="ioos_category">Wind</att>
        </addAttributes>
    </dataVariable>
</dataset>
-->

<!-- This is an example of EDDTableFromDatabase, 
     but commented out and with generic setup information (e.g., "yourUserName") 
     since you won't have access to this database.
<dataset type="EDDTableFromDatabase" datasetID="yourDatasetID">
    <sourceUrl>jdbc:postgresql://123.45.67.89:5432/yourDatabaseName</sourceUrl>
    <driverName>org.postgresql.Driver</driverName>
    <connectionProperty name="user">yourUserName</connectionProperty>
    <connectionProperty name="password">yourPassword</connectionProperty>
    <connectionProperty name="ssl">true</connectionProperty>
    <connectionProperty name="sslfactory">org.postgresql.ssl.NonValidatingFactory</connectionProperty>
    <catalogName></catalogName>
    <schemaName>yourSchemaName</schemaName>
    <tableName>yourTableName</tableName>
    <orderBy>id, timestamp</orderBy>
    <reloadEveryNMinutes>10080</reloadEveryNMinutes>
    <addAttributes>
        <att name="cdm_data_type">Point</att>
        <att name="featureType">Point</att>
        <att name="Conventions">COARDS, CF-1.6, Unidata Dataset Discovery v1.0</att>
        <att name="infoUrl">http://www.postcoml.org/</att>
        <att name="institution">yourInstitution</att>
        <att name="keywords">Oceans &gt; Ocean Temperature &gt; Sea Surface Temperature</att>
        <att name="keywords_vocabulary">GCMD Science Keywords</att>
        <att name="license">[standard]</att>
        <att name="standard_name_vocabulary">CF-11</att>
        <att name="subsetVariables">id, longitude, latitude</att>
        <att name="summary">yourSummary</att>
        <att name="title">yourTitle</att>        
    </addAttributes>
    <dataVariable>
        <sourceName>id</sourceName>
        <dataType>int</dataType>
        <addAttributes>
            <att name="ioos_category">Identifier</att>
            <att name="long_name">Station ID</att>
        </addAttributes>
    </dataVariable>
    <dataVariable>
        <sourceName>timestamp</sourceName>
        <destinationName>time</destinationName>
        <dataType>String</dataType>
        <addAttributes>
            <att name="units">yyyy-MM-dd HH:mm:ssZ</att>
        </addAttributes>
    </dataVariable>
    <dataVariable>
        <sourceName>station_latitude</sourceName>
        <destinationName>latitude</destinationName>
        <dataType>double</dataType>
        <addAttributes>
        </addAttributes>
    </dataVariable>
    <dataVariable>
        <sourceName>station_longitude</sourceName>
        <destinationName>longitude</destinationName>
        <dataType>double</dataType>
        <addAttributes>
        </addAttributes>
    </dataVariable>
    <dataVariable>
        <sourceName>temperature</sourceName>
        <dataType>float</dataType>
        <addAttributes>
            <att name="ioos_category">Temperature</att>
            <att name="long_name">Sea Surface Temperature</att>
            <att name="standard_name">sea_surface_temperature</att>
        </addAttributes>
    </dataVariable>
</dataset>
-->

</erddapDatasets>

